id;title;description;survey_document_id;created_at;updated_at;upvotes_count;downvotes_count;vote_average;all_comments_count;comments;attachments_bilder;bild;comments_inhalt
221;Energieverbrauchs-App;"<p>Mit dem Ausbau der ""Smart-Meter"" können die Stadtwerke den Energieverbrauch eines Haushaltes digital und zentral auslesen. Um zum Sparen zu animieren, wäre es daher sinnvoll eine App zu entwickeln wo jeder Haushalt seinen eigenen Verbrauch ablesen kann. Die App zeigt aber nicht nur den eigenen Verbrauch an, sondern vergleicht mit einem Zielwert sowie Werten anderer Bewohnern der Stadt in gleichen Wohnverhältnissen. (Beispiel: Rang Nr. 99/1000 Einzelhaushalten mit 3.5 Zimmer). So soll eine art ""Wettbewerb"" entstehen. Die energieeffizienteren Einwohner werden mit tieferen Prämien belohnt. (Bonus/Malus-System). Zudem wird künftig nur noch auf Wunsch und gegen Gebühr eine Papierabrechnung verschickt. Die Quartalsabrechnung sind auf der App ersichtlich und die Rechnung kann direkt über die App bezahlt werden. (Kreditkarte, Twint, Apple Pay etc..)  </p>";2564;2021-10-29T00:18:47+02:00;2021-10-29T00:18:47+02:00;0;0;0;0;;;;
208;Plattform für Energetische Sanierungen;<p>Viele Bauherren machen aufgrund der Unwirtschaftlichkeit keine energetische Sanierung.</p><p>Diese kann, z.B. in Bereich der Wärmeerzeugung oder Aussenisolation sein.</p><p>Meine Idee wäre eine Plattform zu entwickeln, wo sich die Bauherrn treffen und zusammen ein Packet für die unterschiedlichen Unternehmen anbieten.</p><p>Aufgrund der resultierenden höheren Bausummen kann der Unternehmer höhere Rabatte für die Bauherren gewähren.</p><p> Durch den niedrigeren Preis ist die Sanierung wirtschaftlicher und der Bauherr endscheidet sich eher für eine Sanierung, wo Reduktionen der Co2 Emissionen entstehen.</p>;2564;2021-10-26T21:44:49+02:00;2021-10-26T21:44:49+02:00;2;0;2;0;;;;
212;Energiemangagement;<p>Pro Betrieb, Standort oder Gebäude sollte eine Energiebuchhaltung geführt werden. Die Aufzeichnung des Nutzenergieverbrauches sollte nach Verwendungszweck sowie nach Betriebsteilen, Gebäude pro Standort, Nutzungszonen im Gebäude oder gemäss einer analogen Unterteilung erfolgen. Dazu ist es notwendig, die Aufteilung des Energieverbrauches nach Verwendungszweck zu kennen. Für die Erfassung und Aufteilung des Stromverbrauch sind Privatzähler erforderlich, für den Wärmeverbrauch Wärmezähler. Am idealsten ist es, diese Daten über das Gebäudeleitsystem und/oder ein separates Messsystem zu sammeln und in einer Energiemanagementsoftware zu speichern und auswerten.</p><p>Je detaillierter der Energieverbrauch aufgeteilt und bekannt ist, desto eher können Rückschlüsse auf Sparpotenziale gezogen und desto besser kann eine Erfolgskontrolle nach der Umsetzung von Massnahmen durchgeführt werden. Die aufgezeichneten Verläufe über einige Jahre der Kennzahlen zeigen auf, wie sich der Energieverbrauch über die Zeit verändert. Daraus lassen sich Einflüsse erkennen, beispielsweise ob eine neue Einrichtung, eine Veränderung der Betriebsführung und Instandhaltung (neue Prozesse), ein neuer Service-Provider oder eine technische/bauliche Massnahme Einfluss auf den Energieverbrauch hat (und welchen) oder nicht.</p><p>Dies ist der weg zu Null-CO2 Emissionen, da man weiss, wieviel verbraucht wird und den Verbrauch Optimieren kann.  Sowie sollte man wen möglich von den Fossilen Energieträgern weg kommen.  </p>;2564;2021-10-27T15:24:51+02:00;2021-10-27T15:24:51+02:00;1;0;1;0;;;;
194;CO2 Hotspots identifizieren;<p>Es gibt bekannte CO2-Hotspots, aber vermutlich auch unbekannte. </p><p>Um diese zu identifizieren würde ich die VBSG Busse mit fahrbaren Messinstrumenten ausstatten. Niemand verkehrt mit einer vergleichbaren Regelmässigkeit durch die gesamte Stadt. </p><p>So entsteht eine Belastungskarte mit regelmässigen Messwerten, mit der auch unbekannte CO2-Emissionsverursacher ermittelt werden können. Das nicht nur örtlich, sondern Dank des dichten Fahrplan auch über den Tag verteilt. </p><p>Die Daten können im OpenData Portal zur Verfügung gestellt werden und auch an einem Hackaton visualisiert und ausgewertet werden. </p><p>Bei Bedarf können auch weitere Messwerten erfasst werden, die u.U auch für das Amt für Umwelt interessant sind. </p><p><br /></p>;2564;2021-09-29T12:16:15+02:00;2021-09-29T12:16:15+02:00;5;2;3;0;;;;
224;chargeshare - Laden an privaten E-Auto Ladestationen;<p>175’000 Tonnen C02-eq pro Jahr werden in der Stadt St.Gallen durch die Mobilität freigesetzt. Dies ist ein beachtlicher Anteil. Um die Klimaneutralität zu erreichen, ist ein Umstieg auf Elektromobilität unumgänglich. Dies sieht auch das städtische Energiekonzept vor. </p><p>Die modernen E-Autos haben sich bewährt und setzen sich auf dem Markt durch. Die letzte Hürde ist die Ladestation. Für Hauseigentümer und Eigentümerinnen ist dies oft kein Problem, für Personen in Mietwohnungen oft eine komplizierte Angelegenheit. </p><p>Die neuste Generation der Elektrofahrzeuge sind nicht mehr auf tägliche Ladung angewiesen, weshalb die private Infrastruktur oft unbenutzt ist. Genau hier soll die Idee ansetzen. Mithilfe einer Plattform, welche App basiert ist, können private Ladestationen und E-Fahrzeug Besitzer und Besitzerinnen ohne eigene Ladestation vermittelt werden. </p><p>Besitzerinnen und Besitzer von Ladestationen können Ihre private Infrastruktur erfassen und angeben, wann die Ladestation zur Verfügung steht. Hier soll der Fokus nicht nur auf einmaliges Laden, sondern auf langfristige Arrangements gesetzt werden. Evtl. ist sogar ein Parkplatztausch möglich. E-Autofahrer ohne eigene Ladestation können mit der App eine geeignete Ladestation ermitteln und reservieren. </p><p>Ausserdem können Einwohner und Einwohnerinnen der Stadt auf der Plattform ihr Anliegen, wo eine Ladestation benötigt wird, eintragen und darüber diskutieren. So entsteht ein partizipatives Verfahren, um geeignete Orte für Ladestationen zu ermitteln, welche danach eine hohe Auslastung haben. Privatpersonen/Firmen können zielgerichtet Ihre Anlage freigeben oder die Stadt kann an solchen Orten öffentliche Ladesäulen aufbauen. So können die Ressourcen effizient eingesetzt werden. </p><p>Alle Prozesse wie partizipatives Verfahren, Vermittlung von Ladestationen, Reservation und Aktivierung des Ladeprozesses und Verrechnung soll über die App abgewickelt werden. Hierfür werden intelligente Ladestationen, welche mit der App kommunizieren können, benötigen. Die Mehrkosten können über den Energiefonds finanziert werden. Im Idealfall kann als Option eine Abrechnung der Ladung gleich über die Stromrechnung der SGSW abgewickelt werden (natürlich nur für bestehenden Kunden der SGSW möglich). Ein grosser Mehrwert der Abrechnung über die SGSW ist, dass die Nutzer und Nutzerinnen verifiziert sind und so die Personen, welche man auf sein privates Grundstück lässt, nicht anonym sind.</p>;2564;2021-10-29T14:20:49+02:00;2021-10-29T14:20:49+02:00;1;0;1;0;;;;
217;Graue Masse - grüne Stadt. Ein Bilanzierungstool für CO2 Ausstoss für die Stadt SG;"<p>Eine grosser Teil der CO2 verursachenden Emissionen liegen in der Erstellung von öffentlichen und privaten Bauwerken. </p><p>Möchte die Stadt oder Private Bauwerke wie Strassen, Leitungen, Hochbauten neu erstellen, greift sie damit in der Naturkreislauf ein. Oft zum Wohle aller - aber bis jetzt ohne die Möglichkeit, allfällige Auswirkungen auf den Klimahaushalt zu bilanzieren und Sparpotentiale systematisch zu erfassen und zu berücksichtigen. </p><p>Ein Bilanzierungstool für die ""graue Masse"" in der Stadt, sprich alle Kunstbauten, schafft einen Überblick über die bis jetzt verbaute Masse in der Stadt. Dazu müssen v.a. die öffentlichen Bauten als Bauwerke erfasst und die Masse an verbauten ""CO2"" aufgerechnet werden (Grundlage in einem GIS erstellen).</p><p>Aufgrund des C02-Budgets, welches sich die Stadt selber gibt, um ihre Klimaziele zu erreichen, kann sie die Erneurung von bestehenden eigenen Bauten planen und hat ebenfalls ein Mittel für die Bewilligungsfähigkeit von grösseren Bauten in der Hand. Falls das CO2-Budgt überstiegen wird, können Alternativen gesucht werden - damit trotz grauer Masse die grüne Stadt erhalten bleibt. </p><p><br /></p>";2564;2021-10-28T18:15:56+02:00;2021-10-28T18:15:56+02:00;1;0;1;0;;;;
202;Punkte sammeln / verwaltbar über App;<p>Aktivitäten und alles was man kauft oder nutzt wird mit Punkten versehen, nachhaltige und umweltschonende Produkte als Beispiel werden mit hohen Punkten versehen/belohnt, umweltbelastende Aktivitäten oder Produkte bis keine Punkte. Monatlich kommen die gesammelten Punkte einem zugute (Steuersenkung, Gutscheine, Preise etc.)</p>;2564;2021-10-21T16:10:33+02:00;2021-10-21T16:10:33+02:00;2;3;-1;3;"[{""id"": 68, ""user_id"": 53403, ""comment"": ""Freiheit und freier Wille bleiben beide erhalten. Es gäbe ja nur Belohnung für \""förderliches Verhalten\"" und keine Bestrafung in irgendeiner Form."", ""commentable_id"": 202, ""commentable_type"": ""App\\Models\\IdeaBoardEntry\\IdeaBoardEntry"", ""created_at"": ""2021-10-23 00:05:28"", ""updated_at"": ""2021-10-23 00:05:28"", ""deleted_at"": null, ""upvotes_count"": 0, ""downvotes_count"": 0, ""comments_count"": 0, ""isAdminComment"": false, ""user"": {""id"": 53403, ""nickname"": ""CJMqJsVl""}}, {""id"": 62, ""user_id"": 53436, ""comment"": ""Sozialpunktesystem nach chinesischem Vorbild? Ungute Assoziationen werden wach. Freiheit und Umweltschutz sollten beides Platz haben."", ""commentable_id"": 202, ""commentable_type"": ""App\\Models\\IdeaBoardEntry\\IdeaBoardEntry"", ""created_at"": ""2021-10-22 14:59:07"", ""updated_at"": ""2021-10-22 14:59:07"", ""deleted_at"": null, ""upvotes_count"": 0, ""downvotes_count"": 1, ""comments_count"": 1, ""isAdminComment"": false, ""user"": {""id"": 53436, ""nickname"": ""9PiigarS""}}, {""id"": 61, ""user_id"": 53403, ""comment"": ""coole Idee!"", ""commentable_id"": 202, ""commentable_type"": ""App\\Models\\IdeaBoardEntry\\IdeaBoardEntry"", ""created_at"": ""2021-10-21 18:39:27"", ""updated_at"": ""2021-10-21 18:39:27"", ""deleted_at"": null, ""upvotes_count"": 1, ""downvotes_count"": 0, ""comments_count"": 0, ""isAdminComment"": false, ""user"": {""id"": 53403, ""nickname"": ""CJMqJsVl""}}]";;;"Freiheit und freier Wille bleiben beide erhalten. Es gäbe ja nur Belohnung für ""förderliches Verhalten"" und keine Bestrafung in irgendeiner Form.;Sozialpunktesystem nach chinesischem Vorbild? Ungute Assoziationen werden wach. Freiheit und Umweltschutz sollten beides Platz haben.;coole Idee!"
219;Technisch evtl. noch nicht machtbar;<p>Weniger Fossile Fahrzeuge in der Stadt. Verkehr welcher aus Nachbargemeinden kommt z.B. Teufen mittels Tunnel unterleiten. Der damit gewonnene Platz nutzen für Grünflächen. Dächer der Stadt mit Solaranlagen bestücken. </p>;2564;2021-10-28T20:14:17+02:00;2021-10-28T20:14:17+02:00;0;1;-1;0;;;;
216;Stadtwander.sg - kurze Wege bedeuten Lebensqualität.;"<p><strong>Weshalb Stadtwandern - und was hat es mit Klimaschutz zu tun?</strong></p><p>Die emissionsärmste, klimaschoneste, sportlichste und schönste Art, sich fortzubewegen in St. Gallen, ist zu Fuss. Die Stadt bietet kurze Wege, viel zu ent-decken, kulturelle, geschichtliche und ökologische Vielfalt für BewohnerInnen und Touristen. </p><p>St.Gallen positioniert sich auch als Entdeckungsland für kurze und längere Stadtwanderungen für Geniesser, EntdeckerInnnen, Berufsleute, Kinder. Sie zeigt damit auf, wieviel Sinn es macht, langsamer unterwegs zu sein und damit an Lebensqualität zu gewinnen. Aus klimasicht schon dies Ressourcen und spart Co2 ein.</p><p><strong>Welche Digitalen Möglichkeiten gibt es?</strong></p><p>Die App Stadtwanderer.sg besteht verschiedenen Bestandteilen: </p><ul><li>Interaktive Karte mit thematischen Wanderungen (die thematischen Wanderungen gibt es schon und können noch erweitert werden)</li><li>Möglichkeit für Nutzer, selber neue Entdeckungsreisen inkl. Bildmaterial zu posten (neu)</li><li>Einen Distanz- bzw. Schritttracker (neu)</li><li>Möglichkeiten für Challenges für Gruppen und Firmen (z.B. ""gemeinsam wandern wir 1000 km bis ans Meer""), (neu)</li><li>Möglichkeit um Einladungen für gemeinsame Stadtspaziergänge zu verschicken, um andere zum Mitmachen zu motivieren (neu)</li><li>Sichtbarmachen von bestehenden, guten Rastmöglichkeiten im Grünen und in entsprechenden Gastronomiebetrieben (evtl. Vernetzung mit bestehenden digitalen Angeboten.</li></ul><p><br /></p><p><strong>Wer nutzt die App Stadtwanderer</strong></p><ul><li>Touristen</li><li>Berufsleute</li><li>Schulen</li><li>Unternehmen</li><li>Stadt</li><li>etc.</li></ul><p><br /></p><p><strong>Wer unterstützt Stadtwandern?</strong></p><p>-	Stadt </p><p>-	Private Sponsoren mit Interesse an Bewegung, Draussen etc. </p><p><strong>Erweiterungsmöglichkeiten</strong></p><p>Die App kann auch für Langsamverkehr wie z.B. Fahrradverkehr programmiert werden. </p><p><br /></p><p><br /></p>";2564;2021-10-28T18:04:32+02:00;2021-10-28T18:04:32+02:00;2;0;2;0;;"https://partizipieren.stadt.sg.ch/api/v1/storage/files/survey_data/v1pq3ukeajqs/storage/e55dcadf-f6e2-400d-8cab-307728ba6beb.jpg?signature=fa6d2610f75a395c8b93265a3a7cec9fc53a15fadc794a3d321eb404121aa382;https://partizipieren.stadt.sg.ch/api/v1/storage/files/survey_data/v1pq3ukeajqs/storage/66367a23-dee7-444b-8040-4f7d4245f59d.jpg?signature=3cc0c6aba5438843f7f706983f506ed7967a7c27637c9b3751c32400c4848f44;https://partizipieren.stadt.sg.ch/api/v1/storage/files/survey_data/v1pq3ukeajqs/storage/9fbc4378-54b7-42c5-9143-c96197fb8ca9.jpg?signature=a52dcf4ab542f9e98d233bc7bac69e23778ff3d8cfbced34ffd50f262878a2ba";https://daten.stadt.sg.ch/api/v2/catalog/datasets/ideensammlung-zur-city-challenge-2021-der-stadt-stgallen/files/fedb79b35fea7a86ceac2baf97c3b8b7;
195;Solarziegel auf die Dächer der Stadt;<p>Meyer Burger entwickelt neu Solarziegel. Die Stadt soll diese auf den Dächern der Innenstadt verwenden und damit ein sichtbares Zeichen für Klimaneutralität setzen. </p><p>Kontaktperson bei Meyer Burger ist: Gerardo.Pantalena@meyerburger.com</p>;2564;2021-10-06T11:42:46+02:00;2021-10-06T11:42:46+02:00;2;2;0;1;"[{""id"": 59, ""user_id"": 53242, ""comment"": ""... es gibt auch andere Hersteller von Solarziegeln, Werbung hat hier nichts zu suchen!"", ""commentable_id"": 195, ""commentable_type"": ""App\\Models\\IdeaBoardEntry\\IdeaBoardEntry"", ""created_at"": ""2021-10-19 09:40:01"", ""updated_at"": ""2021-10-19 09:40:01"", ""deleted_at"": null, ""upvotes_count"": 1, ""downvotes_count"": 0, ""comments_count"": 0, ""isAdminComment"": false, ""user"": {""id"": 53242, ""nickname"": ""v9KNdrCr""}}]";;;... es gibt auch andere Hersteller von Solarziegeln, Werbung hat hier nichts zu suchen!
229;"Konzepthaus ""Tiny House""";"<p>Wir glauben, dass die Gemeinde St. Gallen sehr von einem Raum profitieren würde, der dem Austausch von Ideen zum Thema Nachhaltigkeit gewidmet ist.</p><p>Unser Vorschlag ist es, ein energieeffizientes Konzepthaus ""Tiny House"" zu schaffen.</p><p>Dieses vorbildliche Wohn- und Lebensmittelanbausystem soll als Schaufenster für nachhaltige Wohnideen dienen.</p><p>Permakultur und Kreislaufwirtschaft sind zentrale Leitprinzipien unserer Arbeit.</p><p>Wir stellen uns einen Ausstellungsraum vor, der sowohl Hi-Tech- als auch Lo-Tech-Ideen präsentiert,</p><p>Hi-Tech-Ideen umfassen intelligente Häuser, innovative Baumaterialien, aufkommende grüne Energielösungen,</p><p>Lo-tech-Ideen umfassen passives Solardesign, Permakultur und abfallreduzierte Wohnideen.</p><p>Begehbar für alle und Workshops die angeboten werden. Alles Wird im internet (z.B. Website St. Gallen, Stadtwerke St. Gallen etc.) begleitet und dokumentiert.</p><p>Weitere Infos zu unserer Idee auf unserer Website <a href=""https://shelterlivinginspiration.weebly.com"">https://shelterlivinginspiration.weebly.com </a></p>";2564;2021-10-29T20:43:12+02:00;2021-10-29T20:43:12+02:00;7;0;7;0;;;;
218;Miteinander fahren;<p>Die Stadt St. Gallen stellt eine App zur Verfügung, mit der sich Leute einfach zu Fahrgemeinschaften zusammenschliessen können. </p>;2564;2021-10-28T20:11:56+02:00;2021-10-28T20:11:56+02:00;0;0;0;0;;;;
214;Digital und ganzheitlich;<p>Klimaschutz im regionalen Kontext und das harmonische Zusammenleben in einer Gemeinschaft haben eine Gemeinsamkeit: Sie können durch die Vernetzung der Menschen optimiert werden. Für die Ausgestaltung dieser Schnittstelle bieten sich digitale Möglichkeiten an. Um Menschen in Kontakt miteinander zu bringen und Mehrwert für die Gemeinschaft zu schaffen, gibt es auch in Zeiten einer andauernden Pandemie keine bessere Möglichkeit als eine digitale Plattform. Nutzer melden sich an und haben die Möglichkeit gemeinsam an Projekten zu partizipieren, über Neuerungen abzustimmen und Umweltschutz mit lokaler Beteiligung zu realisieren. Am besten wären natürlich eine mobile App und eine Desktopvariante, damit wirklich alle mit dem System zurechtkommen. Dabei sollte diese Plattform so viele nützliche Projekte wie möglich abbilden. Klimaschutz muss ganzheitlich gedacht werden. Ich möchte dazu einige Beispiele nennen, aber im Prinzip ist der Grundgedanke nicht ein paar Projekte zu verfolgen, sondern so viele wie möglich. </p><p>Man könnte beispielsweise die Dächer der Stadt konsequent mit Solaranlagen versehen. Natürlich macht das nicht auf jedem Dach Sinn und steht teilweise im Missverhältnis zu den Kosten. Diese Dächer lassen sich begrünen, sodass die Pflanzen aktiv CO2 binden und das Klima in der Stadt besonders an warmen Sommertagen verbessert wird. Diese Kombination bietet somit grünen Strom, bessere klimatische Bedingungen, bessere Luftqualität und somit insgesamt Vorteile für alle. Ausserdem sollte der öffentlich Verkehr weiter gefördert werden. Einerseits sollte der öffentliche Verkehr möglichst klimaneutral umgestaltet werden, indem Bus beispielsweise hybridisiert werden. Andererseits muss das Angebot so attraktiv sein, dass die Menschen es einfach nutzen, weil es die günstigste Option für sie darstellt. Solange der öffentliche Verkehr kaum günstiger als der private Verkehr ist, sind die Argumente für einen Umstieg zu schwach. Im Allgemeinen müsste ein Grundsatz gelten, dass nur wirklich nachhaltige Projekte für Neubauten und Sanierungen gestattet werden. Ein Problem ist nämlich, dass der Aufwand Strombereitstellung aus fossilen Energieträgern und anderer altherkömmliche Systeme auf nachhaltige, klimaneutrale Systeme umzubauen langfristig deutlich grösser ausfällt als diese Systeme von vorneherein nachhaltig auszugestalten. Wenn dieses Prinzip nicht konsequent umgesetzt wird, kommt man mit dem Umrüsten kaum hinterher, weil immer irgendwo ein unsinniges, energieineffizientes Projekt umgesetzt wurde, dass mit viel Aufwand und Kosten umgebaut werden muss. </p><p>Durch die Nutzung einer Plattform, die gesellschaftlich akzeptiert wird, weil der Nutzen unmittelbar spürbar für jeden ist, lassen sich unsinnige Projekte jedoch ausgezeichnet verhindern. Die Beteiligung der breiten Bevölkerung an den Gestaltungsprozessen der Stadt, hätte spürbare Auswirkungen auf die Lebensqualität und das Gefühl beteiligt zu sein, verbindet eine Gemeinschaft auf unvergleichliche Weise. Letztlich gibt es so viele Möglichkeiten klimaeffizienter zu sein, dass aber der Fokus auf wenige Projekte langfristig weniger vielversprechend sein dürfte als diese wirklich grosse Herausforderungen aus möglich vielen Richtungen anzugehen. Im Prinzip ist die hier beschriebene Plattform also ein digitaler Treffpunkt an dem die Bewohner der Stadt miteinander und mit den unterschiedlichen Projekten interagieren können. </p>;2564;2021-10-28T12:10:57+02:00;2021-10-28T12:10:57+02:00;1;0;1;0;;;;
225;Strom vom Nachbar - eCommerce Plattform für lokalen Strom;<p><u>Ausgangslage:</u></p><p>Seit 2009 ist der Strommarkt in der Schweiz für Grosskunden geöffnet. Nun soll in einer zweiten Phase der <strong>Energiemarkt für alle Verbraucher liberalisiert werden </strong>(siehe StromVG). So kann in Zukunft jeder Schweizer und jede Schweizerin selber seinen Stromanbieter aussuchen - z.B. Strombezug von der Photovoltaik-Anlage vom Nachbar. </p><p><u>Projektvorschlag:</u></p><p>Die Stadt St. Gallen entwickelt nun eine Plattform auf der sich jeder private Stromerzeuger seinen Strom anbieten kann. Somit kann <strong>100% Strom aus dezentralen, erneuerbaren Energiequellen</strong> wählen. </p><p><u>Ziel:</u></p><p><strong>Ziel ist es eine moderne e-Commerce Plattform für Strom zu entwickeln. </strong></p>;2564;2021-10-29T16:52:21+02:00;2021-10-29T16:52:21+02:00;2;0;2;0;;;;
201;Umweltspur - freie Fahrt in St. Gallen;"<p>Die Stadt St. Gallen baut gezielt Umweltspuren, welche nur von Bussen, Radfahrer, Elektroautos, Taxis &amp; Fahrgemeinschaften benutzt werden dürfen.</p><p>Zudem bietet die Stadt St. Gallen eine Plattform an, auf den freie Plätze in einem Auto angeboten werden können, um eine Fahrgemeinschaft zu bilden. Die Plattform ist kostenlos.</p><p><br /></p>";2564;2021-10-21T12:11:58+02:00;2021-10-21T12:11:58+02:00;5;2;3;0;;;;
227;Smart Generations App;"<p>Mich beschäftigt die Frage: Wie verknüpft man die Bedürfnisse verschiedener Generationen? Es geht also um den Generationendialog. Dazu würde ich eine Matching-Plattform entwickeln, welche die Bedürfnisse von Generationen zusammenbringt. Beispiel: Senior*in sucht junge Schachpartner*in. Auf der Matching-Plattform ""Smart Generations"" kann die Person das Bedürfnis eingeben. Wenn ein junger Benutzer dasselbe Bedürfnis hat, gibt es einen Match und die zwei können sich austauschen. Eigentlich ähnlich wie eine Dating-Plattform, aber gratis und nur für gemeinsame Tätigkeiten zwischen Generationen gedacht. Spannend oder? Das Ganze könnte als Webplattform, aber auch als App realisiert werden.</p>";2564;2021-10-29T18:24:29+02:00;2021-10-29T18:24:29+02:00;0;0;0;0;;;;
223;Applikation zur Steuerung und Senkung von CO2 bei Gebäuden;<p><strong>Nachhaltigkeit bei Gebäuden</strong></p><p>Bei der Energiestrategie spielen die Gebäude eine wesentliche Rolle. Mit rund 24% der CO2-Emissionen sowie 44% des gesamten Energieverbrauchs (Stand 2019) gehören die Gebäude zu den grössten Vertretern in der CO2-Bilanz. Aus diesem Grund sollte den Immobilienportfolios eine besondere Aufmerksamkeit geschenkt werden. Mittels der Web-Applikation Immoledo werden sämtliche Bereiche rund um die Planung von energetischen Sanierungen, Nachhaltigkeits-Zertifizierungen sowie CO2-Absenkung abgedeckt.</p><p><strong>Energie- und CO2-Reporting </strong></p><p>Mit Immoledo können individuellen Modellierungen von sämtlichen relevanten Energiekennzahlen sowie dem CO2-Fussabdruck auf der Stufe Einzelobjekt und über das gesamte Portfolio dargestellt werden. Durch die detaillierte Erfassung vom Zustand der betreffenden Grundstücke sowie den Gebäuden erhalten Sie die gesamte Basis für die relevanten Auswertungen. Ein Automatisierter Abgleich von verschiedenen national und international relevanten Benchmarks, ermöglicht eine exakte Herleitung der Energie-Kennwerte. </p><p><strong>CO2-Absenkung</strong></p><p>Um die Nachhaltigkeitsziele zu erreichen, kann auf die Applikation Immoledo zurückgegriffen werden. Sie unterstützt Sie bei der Erreichung von gesetzlichen sowie individuellen Zielen rund um die Nachhaltigkeit bei Gebäuden. Im Portfoliomanagement können automatisiert die CO2-Ausstösse auf der einzelnen Objektebene berechnet werden. Bilden Sie Grenzwerte pro Gebäude ab, zeigen Sie sich das Potential, die Kosten sowie die Wirtschaftlichkeit von Massnahmen auf und bilden Sie den CO2-Absenkpfad über das gesamte Immobilien-Portfolio ab. Simulieren Sie mit gezielten Projektmassnahmen individuelle Anpassungen auf den einzelnen Objekten. Dabei deckt das Cockpit von Immoledo sämtliche Prozessschritte ab – von der Datenaufbereitung über die Plausibilisierung bis hin zur Schliessung von Datenlücken und der Erstellung standardisierter Reports.</p><p><strong>Nachhaltigkeits-Zertifizierung </strong></p><p>Für den Mehrwert und Anerkennung in der Bevölkerung kann der Gebäudebestand nach den wichtigsten Nachhaltigkeitslabels- und Standards zertifiziert werden. Immoledo unterstützt Immobilieneigentümer bei der Wahl von passenden Lösungen sowie beim entsprechenden Zertifizierungsprozess und dies zum grössten Teil vollautomatisiert. Unterstützung kann auch beim Thema ESG sowie bei der Erstellung von individuellen Nachhaltigkeitsreportings geleistet werden. Mit den Zertifizierungen erhalten Sie nicht nur die Nachhaltigkeit in Form von Zahlen und Berichten, sondern die Gebäude können auch als solche betrieben werden, was den Wirtschaftsstandort St.Gallen fördert.</p><p><strong>Sensorik</strong></p><p>Damit die Zahlen in Echtzeit erfasst und ausgewertet werden können, wäre die Lancierung eines Pilotprojektes mit einem integrierten Warnsystem auf Ebene der Gebäudesensorik zielführend. Das kann einerseits für Gewerbeimmobilien aber auch für Wohnliegenschaften sowie öffentliche Bauten interessant sein. Die Live-Daten rund um das Gebäude und die Nachhaltigkeit könnten direkt in die Applikation eingespielt und weiterverarbeitet werden. Ein weiterer relevanter Punkt, welchen man in das Projekt einfliessen lassen könnte, wäre der Nutzerkomfort der jeweiligen Objektgruppen, um spezifische Anliegen zu berücksichtigen.</p><p>immoledo.ch</p>;2564;2021-10-29T09:46:47+02:00;2021-10-29T09:46:47+02:00;2;0;2;0;;"https://partizipieren.stadt.sg.ch/api/v1/storage/files/survey_data/v1pq3ukeajqs/storage/d460dfde-d1ed-4b70-8d39-ec29d95e43df.png?signature=55e510666ff558da8011389ad37946e61683f265a149eaaa5f264ddfaf1cf60d;https://partizipieren.stadt.sg.ch/api/v1/storage/files/survey_data/v1pq3ukeajqs/storage/990d20bd-949e-4621-8d97-03cf65cc1daf.PNG?signature=2ae74231ba73e6fec8607531b568373dbb2887cae8cbdc4e8de34ed2b59bed09;https://partizipieren.stadt.sg.ch/api/v1/storage/files/survey_data/v1pq3ukeajqs/storage/01351b7c-a771-4893-b4ab-6f1563e30e7a.png?signature=8b58979eef41292e62eb4ad14b0bba0217b3387988d103bea2051d5d25a234e3";https://daten.stadt.sg.ch/api/v2/catalog/datasets/ideensammlung-zur-city-challenge-2021-der-stadt-stgallen/files/8b66300646dab580738dcf788881da5b;
230;Nachhaltigkeits-Inkubator;<p>Der Nachhaltigkeits-Inkubator ist ein Netzwerk in welchem sich alle Akteursgruppen der Stadt (Zivilgesellschaftliche Organisationen, die Bevölkerung, die Wirtschaft, die öffentliche Hand, die Politik, der Bildungssektor und die Wissenschaft) sich zusammenfinden können, um gemeinsam für eine Nachhaltige Zukunft zu handeln.</p><p>Wer welche Rolle in diesem Ökosystem hat, ist auf dem Bild im Anhang dargestellt. </p><p>Gemeinsam bearbeiten sie konkrete Fragestellungen rund um die wichtigsten Herausforderungen um die Stadt St.Gallen bis 2050 klimaneutral zu machen, wie zum Beispiel auf den Themengebieten der Mobilität, Energie, Ernährung...</p><p>Es wird angestrebt, praktische Lösungen zu diesen Fragestellungen in Pilotprojekten mit den Akteuren schnell umzusetzen, um kurze Iterationen durchführen zu können. Dies erlaubt schnell festzustellen, ob es sich lohnt einen Lösungsansatz zu vertiefen oder aber aufzugeben (Design Thinking).</p><p>Somit können für komplexe, globale Probleme praktische und lokale Lösungen gemeinsam gefunden und umgesetzt werden.</p>;2564;2021-10-29T23:05:26+02:00;2021-10-29T23:05:26+02:00;1;0;1;0;;"https://partizipieren.stadt.sg.ch/api/v1/storage/files/survey_data/v1pq3ukeajqs/storage/be5e781d-2feb-42a6-bae4-1170ada1b3ce.jpg?signature=cbe8782337336ce1948ab6b164138962013022f2aaefbf8045ee55a83cce79e8;https://partizipieren.stadt.sg.ch/api/v1/storage/files/survey_data/v1pq3ukeajqs/storage/ab22bf05-8dc9-4321-995a-559f492beca4.jpg?signature=fe68c13b31e8bac8dd6ccb16b237cbcd877d46ba90d9d7f7b066364020038b2f";https://daten.stadt.sg.ch/api/v2/catalog/datasets/ideensammlung-zur-city-challenge-2021-der-stadt-stgallen/files/d3fc05616cbc7f37f080f7c9753155f6;
198;Den Ausstoss von CO2 sowie Gegenmassnahmen der Bevölkerung mit einer App bewusst zu machen;<p>Unser Beitrag ist im Workshop bei Startfeld am 02.10.2021 aus einer Gruppenarbeit entstanden und das Ergebnis war eine App, um den Ausstoss von CO2 sowie Gegenmassnahmen der Bevölkerung über Jahren bewusst zu machen. Die Massnahme soll nicht nur die Bevölkerung zum Umdenken bringen sondern auch den Markt (Angebot) und die Politiker inkl. Lobbying.   </p><p> </p><p>Die App soll eine Mischung zwischen Anreizsystem, Lehrplattform, Gamification, Punktesystem mit Gewinner, Marktplace mit Aktionen und Rabatten, korrekten Massnahmen wie  z.B. «Bäume pflanzen», Schulwettbewerb, eigene Projekt oder aktive Beteiligungen zur Reduktion der Stadt St. Gallen, usw. negatives Tracking und Transparenz «keine Greewashing» sein. Neben der App können auch traditionelle Medien verwendet werden sowie eine Webplattform angeboten werden. </p><p> </p><p>Realisiert könnte das Projekt in einer Kooperation zwischen der Stadt St. Gallen und eine neu gegründetes Startup im Innovationszentrum an der Lerchenfeldstrasse 3 in St. Gallen. Mit Ziel die Finanzierung mittelfristig zumindest teilweise über Product Placement und Skalierung zu ermöglichen.  </p>;2564;2021-10-07T14:55:03+02:00;2021-10-07T14:55:03+02:00;4;0;4;0;;"https://partizipieren.stadt.sg.ch/api/v1/storage/files/survey_data/v1pq3ukeajqs/storage/39c6a693-96b6-424f-89bb-b8f930fa4dae.jpg?signature=2aab101214b3d9ebbb0f34832d72b68419b399409d8c3148ce013c053c6069b4;https://partizipieren.stadt.sg.ch/api/v1/storage/files/survey_data/v1pq3ukeajqs/storage/ae88debd-733d-4cd4-b36b-ea59cd8b0460.jpg?signature=0af0e21e95fe5f624264a34c2baced61f687082245bcc7754705b40a7811d9af;https://partizipieren.stadt.sg.ch/api/v1/storage/files/survey_data/v1pq3ukeajqs/storage/c766af19-c199-432d-8764-eac0ce8153bc.jpg?signature=6a734592bf9664af36d709e25938d7956f53e78a052697578ad123226415f497";https://daten.stadt.sg.ch/api/v2/catalog/datasets/ideensammlung-zur-city-challenge-2021-der-stadt-stgallen/files/dd5587bc6933f22e6f22a0023f93a00b;
213;Hybrid Kollektoren richtig subventionieren und einsetzen;<p>Warum nützen wir die Fläche auf unseren Gebäuden nicht doppelt? Warum reden alle immer nur von PV oder thermischen Anlagen? Ich nutze bei meinem Einfamilienhaus beides und dies im gleichen Kollektor. Dies hat den Vorteil, dass die Kollektoren nicht so heiss werden wie bei einer reinen PV Anlage und aus diesem Grund wird die Lebensdauer enorm gesteigert. Es entsteht also auch weniger Abfall von wertvollen Materialien. </p><p>Das Negative an der ganzen Sache ist, die Stadt wie auch der Kanton will von diesen Kollektoren nichts wissen und erteilt Subventionen nur für PV oder für thermische Anlagen. Dies führt zu einer grossen Einschränkung bei der Umsetzung einer Anlage. Warum die Stadt und der Kanton hier nicht offener ist, kann bis jetzt niemand begründen. Will man CO2 neutral werden muss es die Stadt und der Kanton auch offen sein für neue Technologien und Ideen. Wie andere Kantone zeigen ist die Förderung von solchen Anlagen möglich.</p><p>Wir sollten also die Fläche die wir haben gut nutzen und die richtigen Kollektoren auf Grund der Bedürfnisse und nicht der Subventionen bei uns verbauen. So können wir zusammen vieles erreichen.</p>;2564;2021-10-28T09:59:06+02:00;2021-10-28T09:59:06+02:00;2;1;1;0;;;;
231;Entsorgungssystem;"<p>Die Schweiz gehört weltweit zu den grössten Müllproduzenten. Aufgrund der wachsenden Ressourcenproblematik wächst die Bedeutung des 5-R-Ansatzes. Dieser steht für Refuse, Reduce, Reuse, Repurpose &amp; Recycle und damit Lösungswege für ein umweltschonenderes Müllmanagement, welches im Zuge der Transformation der Stadt St. Gallen zur Klimaneutralität optimiert werden könnte. Die Problematik des aktuellen Entsorgungssystems der St. Gallen stellt die nur bedingt verbraucherfreundliche Mülltrennung dar, denn der Bevölkerung werden nur wenig Anreize gesetzt, Müll richtig zu trennen und die Stadt sauber zu halten. Folgende vier Massnahmen empfehlen sich zur Verbesserung des Müllmanagements und damit der Erreichung der Klimaziele:</p><p><br /></p><p><strong>Ausbau der Entsorgungsinfrastruktur &amp; Integration in die SG Mobile App:</strong></p><p>Viele der Kehrichtsäcke enthalten Glas, Karton und andere nicht dafür vorgesehene Müllarten. Um den Aufwand für die VerbraucherInnen zu reduzieren und so die Hürde zu einer optimalen Mülltrennung zu verringern, empfiehlt sich der Ausbau der Sammelstellen zu einem engeren Versorgungsnetz sowie eine Erhöhung der aktuellen Abholungsfrequenzen. Eine leicht zu bedienende Informationsübersicht der Entsorgungsinfrastruktur könnte in die existierende SG Mobile App integriert werden.</p><p><br /></p><p><strong>Erarbeitung eines Informationsportals &amp; Integration in die SG Mobile App:</strong></p><p>Um unwissende BürgerInnen über Mülltrennung sowie Müllvermeidung zu informieren, empfiehlt sich auf der SG Mobile App ein konsolidiertes Informationsportal zur Verfügung zustellen, welches interaktiv Wissen und nützliche Hilfestellungen (z.B. durch Einkaufsliste Templates) für eine Umsetzung des 5-R-Ansatz vermitteln soll. Darüber hinaus könnte die Stadt St. Gallen den Aufbau eines lokalen Netzwerkes unterstützen, welche als lokalen Community Events für Knowledge Sharing in der Bevölkerung organisiert.</p><p><br /></p><p><strong>Unterstützung von müllreduzierenden Geschäftsideen &amp; Integration in die existierende SG Mobile App:</strong></p><p>Es empfiehlt sich jedoch, das Problem der Müllproduktion an der Wurzel zu bekämpfen. Hierzu kann die Stadt St. Gallen “Zero Waste”-Konzepte vorantreiben, indem Unternehmen mit müllreduzierenden Geschäftsideen unterstützt und auf der existierende SG Mobile App integriert werden.</p><p><br /></p><p><strong>Anregung von Partizipation der Bevölkerung &amp; Integration in die SG Mobile App:</strong></p><p>Um die unbedingt notwendige Unterstützung der Bevölkerung zu erhalten, bedarf es einer gezielten Lenkung der Aufmerksamkeit auf die Entsorgungsproblematik. Diese soll zu einem Download der existierenden SG Mobile App angeregt werden (z.B. durch QR Codes auf den Müllsäcken &amp; Geschäften), in welcher die Position der neu eingerichteten Sammelstellen abgefragt, Informationsmaterialien &amp; anstehende Events abgerufen und Lage und Sortiment der “Zero Waste”-Geschäfte eingesehen werden können. Langfristig empfiehlt sich dieses Angebot durch Bonusprogramme und Challenges (z.B. “To Good to Waste” Challenge - monatliche Preisverleihung in Kooperation mit Einkaufszentren) von Seiten der Stadt zu ergänzen.</p>";2564;2021-10-30T00:32:49+02:00;2021-10-30T00:32:49+02:00;1;0;1;0;;https://partizipieren.stadt.sg.ch/api/v1/storage/files/survey_data/v1pq3ukeajqs/storage/b99f0530-fd5b-45e3-a6a7-1f37e8ec5454.png?signature=8bab0ffca7332a46349a88b4f705b0fdeac1787c6d570d3c7146aad21a348fbe;https://daten.stadt.sg.ch/api/v2/catalog/datasets/ideensammlung-zur-city-challenge-2021-der-stadt-stgallen/files/66c570d4a8249bb89f7896d6e89a98a0;
226;Walk for Nature;"<p><strong>Die Vision der autofreien Stadt ist noch Zukunftsmusik – bis es so weit ist, braucht es Anreize, freiwillig mehr zu gehen, statt das Auto zu benützen. Eine eigens kreierte App motiviert Nutzer, der Umwelt zuliebe zu gehen. Eine Mischung aus Geocaching und Fitness-App.</strong></p><p>Zu Fuss zu gehen entlastet die Umwelt und fördert die eigene Gesundheit. Zwei in einem: sich Gutes tun und der Umwelt Sorge tragen. Gelegenheit dazu gäbe es genügend: Zu Fuss in die Innenstadt spazieren, um den Einkauf zu erledigen – das Auto bleibt zu Hause parkiert. Im Bürogebäude auf den Lift zu verzichten und dafür Treppen zu steigen. Oder eine Haltestelle früher auszusteigen und die letzten Schritte zu gehen. Eine eigens kreierte App motiviert Nutzer und schafft Anreize, mehr zu gehen, statt zu fahren.</p><p>Die App protokolliert die täglich zurückgelegten Schritte und erinnert in dieser Hinsicht an eine Fitness-App. Für jeden zurückgelegten Schritt gibt es Punkte, die wie bei einer Cumulus-Karte eingelöst werden können: für Rabatt-Aktionen, Give-aways und im Fall der App auch für exklusiven Content. Zum Beispiel Gutscheine für klimaneutrale Restaurants: Für eine Falafel erhält der Kunde zwei. Die Punkte können auch für Güter eingelöst werden, die lokal in und um St. Gallen produziert werden – wie wär's mit einer Schoggi von Läderach? Und um die lokale Kulturszene zu fördern, ist auch exklusiver Content aufrufbar: der neueste Song von Manuel Stahlberger vielleicht?</p><p>Wer sich die Mühe macht, bestimmte Orte aufzusuchen, die in der App auf einer Karte verzeichnet sind, erhält weitere Punkte. Hier ist die App mit Geocaching vergleichbar. Nicht real ein Tupperware ist versteckt, sondern ein QR-Code findet der Nutzer. Einmal gescannt, werden die Punkte freigeschaltet. Punkte sammeln ist das eine, die Neugierde befriedigen das andere: Denn an bestimmten Stellen werden virtuelle Goodies freigeschaltet, die nur an dieser Stelle für den Nutzer abrufbar sind: Songs zum Hören, Texte zum Lesen. Das ist wie ein Überraschungsei auszupacken.</p><p>Und schliesslich gibt es Routen, für die Nutzer besonders viele Punkte erhalten, wenn sie sie absolvieren. Das kann für den Tourismus spannend sein: bestimmte Sehenswürdigkeiten der Stadt besuchen; in verschiedenen Restaurants in der Stadt essen gehen; verschiedene Klubs besuchen; in Läden einkaufen, die bei «Walk for Nature» mitmachen. Stets wartet ein QR-Code darauf, gescannt zu werden. Und selbstverständlich erwartet niemand, die Beizen-Tour in einem Tag zu absolvieren.</p><p>Die App lässt sich gut als Marketing-Instrument benützen, um die Werbetrommel für die eigenen Klimaziele zu rühren: Informationskampagnen über den Nutzen zu Fuss unterwegs zu sein; bewerben von Sehenswürdigkeiten, die nur zu Fuss erreichbar sind; Aktionen wie autofreie Sonntage, an denen Besucher von St. Gallen mit einem Shuttle-Bus in die Innenstadt gelangen und Benefizkonzerte von Strassenmusikern; Sticker für Arbeitgeber mit QR-Codes drauf, um die Belegschaft zu motivieren, das Treppenhaus zu benützen.</p><p>***</p><p><strong>Walk for Nature</strong>: Gehen, Orte aufsuchen, Routen laufen.</p>";2564;2021-10-29T17:54:22+02:00;2021-10-29T17:54:22+02:00;1;0;1;0;;"https://partizipieren.stadt.sg.ch/api/v1/storage/files/survey_data/v1pq3ukeajqs/storage/7a6170dc-f471-4521-94db-794a7b98e8ab.jpg?signature=6d5eb4b43972a48ebfe57a753c05a2adcf949d462ea5ed5a0bd6707d3e51c1ef;https://partizipieren.stadt.sg.ch/api/v1/storage/files/survey_data/v1pq3ukeajqs/storage/8815af11-dd40-4680-a2ee-db03bbf03b36.jpg?signature=429db731a9d9bedbd356b99b7a7238f06823ef6c231e3e79030e7105ccdfff63;https://partizipieren.stadt.sg.ch/api/v1/storage/files/survey_data/v1pq3ukeajqs/storage/143a4f61-2476-45ba-9dc5-f4a3b901c99f.jpg?signature=b0fee292d66cc0a983882a56907263802d8f245783212cf84635b295930d5304;https://partizipieren.stadt.sg.ch/api/v1/storage/files/survey_data/v1pq3ukeajqs/storage/9f2c23d4-7ee7-4e99-95a2-c1d6059b49b4.jpg?signature=a38fabc155475ae1cebc1ac08db19d454fedb132851b94576430f64fd518e615";https://daten.stadt.sg.ch/api/v2/catalog/datasets/ideensammlung-zur-city-challenge-2021-der-stadt-stgallen/files/66fde56020118cf96594433fd1437a69;
222;CO2eq Transparenz;"<p>Gemäss der Stadt St.Gallen verursachten die Bewohnerinnen und Bewohner der Stadt St.Gallen im Jahr 2018 im Durchschnitt 13.3t CO2 Äquivalente (1). Gemäss dem letzten IPCC Bericht ist absolut entscheidend, dass die verursachten Treibhausgasemissionen bis 2030 halbiert werden. Wir alle sind also gefordert, schnell zu handeln. Das bedeutet, dass neben öffentlicher Hand, Politik und Privatwirtschaft auch alle Einzelpersonen gefordert sind. Wir sind der Überzeugung, dass eine effektive Partizipation der St.Galler Bevölkerung speziell dann zustande kommt, wenn klar ist, woher diese 13.3t kommen. Dafür stellen wir uns eine Deklarationspflicht bei allen Finanztransaktionen vor. Das heisst, alle durch das Produkt oder die Dienstleistung verursachten Treibhausgas(CO2eq)-Emissionen (2) müssen deklariert und prominent dargestellt werden (auf Quittungen, auf Rechnungen und auf Produktpackungen). Die Emissionen sollen dabei auf ein Tages-, Wochen- oder Jahreskontingent bezogen werden. Das Jahreskontingent ergibt sich jeweils aus dem Zeitpunkt auf dem vereinbarten Absenkpfad (3). Gegebenenfalls könnten auch noch Kategorien wie Konsum, Wohnen und Mobilität oder direkt / indirekt (4) geschaffen werden. Soweit die Vision.</p><p>Konkret hat die Stadt durch die St. Galler Stadtwerken schon viele Informationen zum Energieverbrauch der Bevölkerung und somit zu den verursachten CO2eq im Bereich Wohnen. Nicht bekannt sind unseres Wissens die privat an Liegenschaften verkauften Energieträger Öl und Holz. Hierfür könnte eine Deklarationspflicht für die Grosslieferanten geschaffen werden. Weiter könnten auch die Emissionen, welche durch Dienste der Stadt (Infrastruktur, Schulen, Museen, …) verursacht werden auf die Bevölkerung verteilt ausgewiesen werden. Damit kann das eigene Restkontingent besser eingeschätzt werden.</p><p>Für einen ersten Schritt wäre unser Vorschlag eine städtische Datenbank zu schaffen, welche die CO2eq aller an die Liegenschaften verkauften Energieträger (5) erfasst (Elektrizität, Fernwärme, Gas, Öl, Holz). Aus dieser Datenbank soll dann halbjährlich ein personalisierter Statusbericht (6) erstellt und per Post an die Bevölkerung versendet werden. Neben der Transparenz zu den von den Bewohnerinnen und Bewohnern verursachten Treibhausgasen aus dem Wohnbereich, soll damit auch eine Stimmung geschaffen werden, dass wir als Gemeinschaft auf einem ambitionierten Weg befinden.</p><p> </p><p>(1) <a href=""https://ftp-sg.oca.ch/stadtparlament/523e9ecc2c204bc0ad12f24a846aec81-332.pdf"">https://ftp-sg.oca.ch/stadtparlament/523e9ecc2c204bc0ad12f24a846aec81-332.pdf</a></p><p>(2) Bei den Emissionen soll sichergestellt werden, dass nichts doppelt deklariert wird. Zum Beispiel müssten beim Kauf eines Abfallsacks der Stadt St.Gallen keine verursachten CO2eq deklariert werden, da die Entsorgung bereits in den Lebenszyklusanalysen der Produkte deren Reste verbrannt werden deklariert wurden. Dafür weisen die Spaghetti einen Anteil CO2eq aus, für die Verpackung die später im Abfallsack landet.</p><p>(3) Der St.Galler Absenkpfad könnte von der Stadt auf Basis der aktuellen Erkenntnisse (primär IPCC Report) vorgeschlagen, dann öffentlich verhandelt und zur Abstimmung gebracht werden.</p><p>(4) Direkt: von Bewohner direkt verursacht wie Konsum, indirekt: Emissionen welche durch die von Stadt / Kanton / Bund zur Verfügung gestellten Infrastruktur verursacht werden.</p><p>(5) Elektrizität für Mobilität soll wo möglich separat erfasst werden.</p><p>(6) Der Statusbericht soll so gut wie möglich die Emissionen der Wohnung, den Zielwert gemäss Absenkpfad und den Stadtdurchschnitt ausweisen.</p>";2564;2021-10-29T01:41:25+02:00;2021-10-29T01:41:25+02:00;0;0;0;1;"[{""id"": 70, ""user_id"": 53746, ""comment"": ""mit \""wir\"" ist die Firma originate gemeint (originate.ch)"", ""commentable_id"": 222, ""commentable_type"": ""App\\Models\\IdeaBoardEntry\\IdeaBoardEntry"", ""created_at"": ""2021-10-28 23:42:45"", ""updated_at"": ""2021-10-28 23:42:45"", ""deleted_at"": null, ""upvotes_count"": 0, ""downvotes_count"": 0, ""comments_count"": 0, ""isAdminComment"": false, ""user"": {""id"": 53746, ""nickname"": ""originate""}}]";;;"mit ""wir"" ist die Firma originate gemeint (originate.ch)"
220;Simplified Mobility - alles in einer App;<p>Eine App bei der man einen monatlichen Fixbetrag bezahlt (Abo-Modell AppStore) und dafür alle ÖV's der Stadt <strong>inkl.</strong> E-Scooter und E-Velo's (aktuell Tier und SBB) uneingeschränkt nutzen kann. Dazu zeigt die App den schnellsten Weg innerhalb der Stadt und die möglichen Transportmittel an und zeigt gleichzeitig die eingesparte Menge an CO2 sowie Kosten gegenüber PW auf. Das Ziel sind weniger PW's in der Stadt und dank der einfachen Nutzung eine höhere Auslastung des ÖV's sowie eine breitere Nutzung (und späterer Ausbau) des E-Mobilitäts Angebotes.   </p>;2564;2021-10-28T23:54:14+02:00;2021-10-28T23:54:14+02:00;1;0;1;1;"[{""id"": 71, ""user_id"": 53746, ""comment"": ""Mir gefällt die Idee, Mietvelos und E-Scooter in das ÖV Ökosystem zu integrieren."", ""commentable_id"": 220, ""commentable_type"": ""App\\Models\\IdeaBoardEntry\\IdeaBoardEntry"", ""created_at"": ""2021-10-28 23:57:56"", ""updated_at"": ""2021-10-28 23:57:56"", ""deleted_at"": null, ""upvotes_count"": 0, ""downvotes_count"": 0, ""comments_count"": 0, ""isAdminComment"": false, ""user"": {""id"": 53746, ""nickname"": ""originate""}}]";;;Mir gefällt die Idee, Mietvelos und E-Scooter in das ÖV Ökosystem zu integrieren.
197;CO2-Rechner: Eine App für die Sensibilisierung der Gesellschaft und Sammlung von wichtigen Daten;<p>CO2-Rechner     </p><p>Die Idee wäre eine App zu entwickeln, um die Produktion von CO2 der Schweiz und der einzelnen Benutzer zu berechnen.  Damit wird gleichzeitig versucht die Gesellschaft zu sensibilisieren, individualisierte Tipps den Anwendern zu geben und nützliche Daten, welche Hinweise auf die grössten Herausforderungen für die Klima-Neutralität geben sollten, zu sammeln</p><p>1)     Am Anfang bietet die App die folgenden Informationen an:</p><p>        a)      die nationale Entwicklung der Produktion von CO2</p><p>        b)      Mögliche Gründe (wieso ist es besser geworden oder wo liegen weitere    Herausforderungen?)</p><p>        c)      Tipps Wie die Bevölkerung, KMUs und Grossunternehmen sich im Alltag / Geschäftsalltag engagieren können.</p><p>2)     Anwender werden nach ihren Merkmalen gefragt:</p><p>        a)      Wichtig! Alle privat Informationen sollten geschützt sein. Rückschlüsse auf Personen sollten vermeidet werden (keine Ausweis, genaue Adresse...)</p><p>        b)     Nur Informationen, die Relevant für die CO2-Produktion sollten gefragt werden. </p><p>                 i)       Z.B.: E-Mobilität, Treibstoff von Auto, Konsum-Güter die mit der Produktion von CO2 verbunden sind</p><p>3)     Anwender bekommen die eigene Kurve von CO2:</p><p>       a)      Welche ist der individuelle Beitrag der Anwender für die CO2-Produktion?</p><p>       b)     Wie ist die Kurve der Anwender im Vergleich mit dem Durchschnitt der Schweiz? Und im Vergleich mit anderen Anwendern vom gleichen Kanton (z.B.)?</p><p>       c)      Wie wäre die Prognose von CO2-Produktion, wenn alle Akteure weiter das gleiche Verhältnis behalten würden? Welche sind mögliche Auswirkungen?</p><p>4)     Anwender bekommen Tipps für ihr eigenes Profil:</p><p>      a)      Wie könnten Sie in Ihrem Alltag weniger zur CO2-Produktion beitragen</p><p>      b)     Falls alle Anwender die gleichen Massnahmen einsetzen würden, welche wäre der Unterschied im Vergleich mit der vorherigen Prognose (3c)</p><p> </p><ul><li>Bevölkerung und Unternehmen werden sensibilisiert.</li><li> Die gesammelten Informationen können für die Entwicklung neue gezielte Verwaltungs-/Regierungsmassnahmen verwendet werden.</li><li> Unternehmen können davon für Werbung profitieren.</li><li> Möglichkeit für eine Partnerschaft mit Nachhaltigen Unternehmen für die Entwicklung der App</li></ul><p><br /></p><p>** Ps: es wäre auch interessant ein Kommunikationskanal, welche die Bevölkerung benutzen könnte, um die eigenen Ideen, Herausforderungen bezüglich nachhaltiger Massnahmen mitzuteilen. </p>;2564;2021-10-07T03:58:04+02:00;2021-10-07T03:58:04+02:00;3;1;2;1;"[{""id"": 60, ""user_id"": 53393, ""comment"": ""Sehr interessant!"", ""commentable_id"": 197, ""commentable_type"": ""App\\Models\\IdeaBoardEntry\\IdeaBoardEntry"", ""created_at"": ""2021-10-21 11:08:04"", ""updated_at"": ""2021-10-21 11:08:04"", ""deleted_at"": null, ""upvotes_count"": 0, ""downvotes_count"": 0, ""comments_count"": 0, ""isAdminComment"": false, ""user"": {""id"": 53393, ""nickname"": ""j8h4x5sS""}}]";;;Sehr interessant!
204;Baubranche und Umweltthemen - TUN;"<p>In der Baubranche sind viele tolle Menschen täglich am Werk. Die Herausforderung ist, dass tolle Ideen nicht so leicht den Umsetzungsweg finden. Was TUN? TUN wir es und Beginnen: Einander kennen lernen, Umweltthemen bestimmen, Gruppen bilden, mit professioneller Hilfe im Hilfe von Projektmanagement umsetzen. Handwerk, Behörden, FHO, UNI, EMPA, Startfeld, Industrie, Verwaltungen und viele Akteure teilen ihr Wissen und helfen, diese gemeinsam in den Alltag einzuflechten. Das WIE ist durchdacht und einsatzfähig! Beginnen wir mit möglichst vielen Interessierten an einem ""grünen"" Tisch. Viele tolle Themen warten auf die Umsetzung, welche die Baubranche, die aktiven Teilnehmer und der Bevölkerung nutzen stiften werden.</p>";2564;2021-10-25T09:27:55+02:00;2021-10-25T09:27:55+02:00;1;0;1;0;;https://partizipieren.stadt.sg.ch/api/v1/storage/files/survey_data/v1pq3ukeajqs/storage/9fa1faaa-9100-41d5-ab33-11685bfcafb3.jpg?signature=1ca37dc25dbd931af3f0a85f76aacac6eb0eb345fb93d4d1f20951991d9d644b;https://daten.stadt.sg.ch/api/v2/catalog/datasets/ideensammlung-zur-city-challenge-2021-der-stadt-stgallen/files/6d74f66e0bd826727af2b8f861df0201;
209;Fassadenbegrünung;<p>Die Stadt fördert die Begrünung von Gebäudefassaden durch finanzielle Unterstützung, Beratung und Unterhalt. </p><p>Über eine digitale Plattform sollen Fassaden automatisiert gekennzeichnet werden, welche ein optimales Wachstum für heimische Pflanzen garantieren. Die Bevölkerung kann sich über die Plattform für eine Begrünung anmelden. </p><p>Die Plattform soll auch zur Vernetzung der Mitglieder dienen und den Erfahrungsaustausch fördern. </p><p>Durch die Fassadenbegrünung kann CO2 auf natürliche Art und Weise gespeichert werden. Zudem hilft die Begrünung für eine lokale Klimaregulation der Stadt bei Hitzetagen und sie fördert die Biodiversität. </p><p>St.Gallen soll zur begrünten Vorzeigestadt werden. </p>;2564;2021-10-27T09:33:36+02:00;2021-10-27T09:33:36+02:00;0;0;0;0;;;;
228;St.Galler Stadtvelo im Abo;<p>Zur Frage: Wie kann der Fuss- und Veloverkehr in der Stadt gefördert werden? Die Stadt St.Gallen bietet ein <strong>St.Galler Stadtvelo</strong> für alle an, die in der Stadt ein Fahrrad brauchen, aber keines haben. Das ist für Pendler interessant, die mit dem Zug kommen. Bisherige Auto-Pendler könnten dadurch ebenfalls auf dem Zug umsteigen, da sie ab Bahnhof aufs Stadtvelo umsteigen können. Absender könnten die St.Galler Stadtwerke sein. Auch St.Galler Unternehmen könnten zum Mitmachen motiviert werden mit Anreizen: Wenn sie es schaffen, 10 Mitarbeitende zu einem Stadtvelo-Abo zu bewegen, erhalten sie eine Gutschrift auf die Stromrechnung (nur als Beispiel für einen Anreiz). Pricing: Ich schlage ein Abo-System vor: z.B. monatlich, vierteljährlich, jährlich</p><p>Die Non-Profit-Organisation Projekt-Werkstatt könnte für den Unterhalt der Bikes zuständig sein. Damit wir der NPO-Charakter unterstrichen und es wird gleichzeitig auch noch etwas Soziales/Nachhaltiges mit dem Projekt unterstützt.  </p><p><br /></p>;2564;2021-10-29T18:36:52+02:00;2021-10-29T18:36:52+02:00;1;0;1;0;;https://partizipieren.stadt.sg.ch/api/v1/storage/files/survey_data/v1pq3ukeajqs/storage/577255d4-962d-4c5d-a360-50ce99c0bc2c.jpeg?signature=03956ea3750b9421ac3b31889bc0d90d7a8d58d2d1eaa6bf32acd5360f7c9976;https://daten.stadt.sg.ch/api/v2/catalog/datasets/ideensammlung-zur-city-challenge-2021-der-stadt-stgallen/files/1d0728a08200ac052ca486a87b247e2a;
200;Danke im Voraus!;"<p>Wenn jeder Erwachsene in der Stadt SG täglich eine E-Mail weniger verschicken würde, entspräche dies einer CO2-Einsparung von über 200 Flügen von Zürich nach London pro Jahr. </p><p>Die Stadt St. Gallen könnte </p><p>1. eine ""Danke im Voraus"" Kampagne lancieren, um alle zu ermutigen, nachzudenken, bevor sie sich bedanken, und so Millionen von nicht wirklich notwendigen E-Mails und Tonnen von CO2-Äquivalenten einsparen. </p><p>2. Eine Software entwickeln, die unnötige E-Mails erkennt und den Benutzer vor den möglichen Umweltfolgen warnt. </p><p>Dies basiert auf der einfachen Berechnung, dass eine E-Mail 0,000001 Tonnen CO2-Äquivalent erzeugt und die erwachsene Bevölkerung von St. Gallen fast 68.000 beträgt.</p>";2564;2021-10-20T20:22:10+02:00;2021-10-20T20:22:10+02:00;1;1;0;1;"[{""id"": 64, ""user_id"": 53436, ""comment"": ""Spannende Idee. Wie aber soll bitte eine Software erkennen, ob eine E-Mail unnötig ist? Da ist der Schritt zur Zensur dann nicht mehr weit. Aber die Idee, Bewusstsein zu schaffen, dass eben auch Digitales viel Energie kostet, ist ein interessanter Ansatz."", ""commentable_id"": 200, ""commentable_type"": ""App\\Models\\IdeaBoardEntry\\IdeaBoardEntry"", ""created_at"": ""2021-10-22 15:05:10"", ""updated_at"": ""2021-10-22 15:05:10"", ""deleted_at"": null, ""upvotes_count"": 0, ""downvotes_count"": 0, ""comments_count"": 1, ""isAdminComment"": false, ""user"": {""id"": 53436, ""nickname"": ""9PiigarS""}}]";;;Spannende Idee. Wie aber soll bitte eine Software erkennen, ob eine E-Mail unnötig ist? Da ist der Schritt zur Zensur dann nicht mehr weit. Aber die Idee, Bewusstsein zu schaffen, dass eben auch Digitales viel Energie kostet, ist ein interessanter Ansatz.
196;ÖV günsitger machen;"<p>Das einfachste ist wenn man die ÖV im Kanton SG günstiger machen würde. Warum lange überlegen wenn die Lösung so einfach ist ;)</p>";2564;2021-10-06T18:23:11+02:00;2021-10-06T18:23:11+02:00;1;2;-1;1;"[{""id"": 65, ""user_id"": 53436, ""comment"": ""Und wer bezahlt das?"", ""commentable_id"": 196, ""commentable_type"": ""App\\Models\\IdeaBoardEntry\\IdeaBoardEntry"", ""created_at"": ""2021-10-22 15:39:16"", ""updated_at"": ""2021-10-22 15:39:16"", ""deleted_at"": null, ""upvotes_count"": 0, ""downvotes_count"": 0, ""comments_count"": 0, ""isAdminComment"": false, ""user"": {""id"": 53436, ""nickname"": ""9PiigarS""}}]";;;Und wer bezahlt das?
206;Sanierung und Innovation;"<p>St. Gallen ist eine unglaublich tolle Stadt hat aber extrem viele alte Gebäude, die dem heutigen Energiestandart absolut nicht entsprechen. Sei es bei den Elektroinstallationen, Fenstern, Fassaden und vielen weiteren Punkten. </p><p>Man könnte Tonnen an Co2 durch richtiges Sanieren und Innovationen einsparen. Ich meine damit, das auch vermehrt bei MFH Überbauungen auf Solar und PV Anlagen gesetzt werden muss (egal ob Alt- oder Neubau). Diese Überbauungen können sich somit selbst und auch die Nachbarschaft versorgen. </p><p>Ziehen wir noch ein anderes Beispiel heran, unzwar das Thema Fenster und Verglasungen. Ein Fenstertausch kann alleine 2 Tonnen Co2 Ausstoß pro Einfamilienhaus im Jahr einsparen. Rechnen wir das mal hoch, bei einem Anteil von 700´000 Einfamilienhäuser (<strong>Bj. bis 2000 - Altbau</strong>). </p><p><strong><u>700´000 EFH x 2t. Co2 = 1´400´000t Co2 Einsparung pro Jahr. </u></strong></p><p>Des weiteren würde durch die menge an Gebäuden auch gleichzeitig mehr Arbeitsplätze im Kanton geschaffen werden. Der Standort St. Gallen wird somit aber auch noch attraktiver für Arbeitgeber und Arbeitnehmer. Zusätzlich könnte man ein Vorreiter-Kanton werden im Bezug auf Klimaneutrales/Co2 armes sanieren werden. </p><p>Es gibt 100te Möglichkeiten alleine bei unseren Wohn- &amp; Gewerbeimmobilien Co2 einzusparen. Es ist auch egal was für Gebäude es sind, den für jedes Problem gibt es immer eine Lösung. Es gibt viele Lösungsansätze in der Baubranche, man muss nur mutig sein und sich trauen! </p><p><br /></p><p>Der konkrete Vorschlag wäre eine attraktive und einladenden Subventionierung für Nachhaltiges oder Co2 senkendes sanieren. Und das über die nächsten 10-15 Jahre. Zusätzlich eine Plattform auf der sich Hauseigentümer respektive Sanierungswillige über Bauelemente, etc informieren können. Über Nachhaltigkeit, Lieferwege, Produktionsstandort, Nachhaltigkeit der Produktion, etc.  </p>";2564;2021-10-26T16:33:01+02:00;2021-10-26T16:33:01+02:00;1;0;1;0;;;;
205;PV-Anlage - Nutzung auch für Gebäudeexterne;<p>Wird eine PV-Anlage z.B. auf ein EFH installiert wird, kann zur Zeit nur der EFH-Bewohner von der PV-Anlage direkt profitieren.</p><p>Meine Idee wäre das auch andere Familienangehörige, die separat wohnen, von der PV-Anlage profitieren können und den Strom direkt nutzen können. Es fällt lediglich eine Nutzungsgebühr für die öffentliche Energienetzversorgung an.</p><p>Dieses fördert auch, das Externe eine Wärmepumpe bei sich installieren, da dieses rentabler werden könnte.</p><p>Denkbar wäre auch das Industrien, die oft eine grossen Flachdach besitzen, ihr Mitarbeiter direkt  mit Strom versorgen können.</p><p>Durch die Vernetzung der einzelnen PV-Anlage wird die PV-Anlage der Eigentümer gleichzeitig rentabler. Die CO2 Emissionen reduziert sich insgesamt.  </p><p>Die Kommunikation der Haushalte muss durch Smart Grid respektiv Router verbunden werden.</p>;2564;2021-10-25T16:00:08+02:00;2021-10-25T16:00:08+02:00;2;1;1;0;;;;
207;Flechten, Algen und Moose sind Großspeicher für Stickstoff und CO2;<p>Gemeinschaften aus Flechten, Algen, Moosen, Farnen und Pilzen fixieren jährlich 50 Millionen Tonnen und damit 50 Prozent dieses Luftstickstoffs, der an Land gebunden wird. Sie binden gleichzeitig so viel Kohlendioxid, wie pro Jahr durch Waldbrände und die Verbrennung von Biomasse weltweit freigesetzt wird. Dazu bieten Sie wertvollen Insekten und anderen Kleintieren ein Lebensraum und versteck. Ein weitern Vorteil gibt es noch, es lässt sich innen wie außen umsetzen. </p><p><br /></p><p>Daher lasst uns unsere Stadt mit Gemeinschaften aus Flechten, Algen, Moosen, Farnen und Pilzen gestallten.  Wie so etwas aussehen könnte, könnt Ihr unten im Bild sehen. </p>;2564;2021-10-26T16:51:08+02:00;2021-10-26T16:51:08+02:00;3;0;3;0;;https://partizipieren.stadt.sg.ch/api/v1/storage/files/survey_data/v1pq3ukeajqs/storage/75bacfcf-6dc9-461f-8a48-37b3221f7ae6.jpg?signature=1f5b09b6af39af7269d57c0091298284d23101a27b35973010d6d1ce689a8c20;https://daten.stadt.sg.ch/api/v2/catalog/datasets/ideensammlung-zur-city-challenge-2021-der-stadt-stgallen/files/f9fe66abcbe76af1fc0d2d0d0572d8db;
199;CO2 Green City Team;<p>Um CO2 aktive einsparen zu können muss man an die grossen Verursacher kommen. Dies sind in der Stadt vor allem die grösseren Unternehmen sowie Gebäudeeinheiten.</p><p><br /></p><p>Das Problem ist jedoch, dass viele von sich aus nichts ändern. Hier muss die Stadt ein wenig nachhelfen mit dem CO2 Green City Team.</p><p><br /></p><p>Das Team besteht aus zwei bis drei Experten, welche für die Stadt arbeiten und all die Firmen etc. anfragen für ein kostenloses Beratungsgespräch. Dabei soll das Team das Unternehmen besichtigen und Ihnen Möglichkeiten aufzeigen, wo Sie einen Beitrag zur CO2-Neutralität leisten können.</p><p><br /></p><p>Das können Firmen sein die etwas Produzieren aber auch Verwaltungen oder Restaurants welche z.B. LED Lampen in ihren Gängen einsetzen können oder ein Nachtlicht mittels Zeitschaltuhr nicht mehr die ganze Nacht brennen lassen.</p><p><br /></p><p>Es soll dann eine Webseite geben, wo die mitgemachten Unternehmen mit Logo etc. abgebildet werden damit man auch sieht, dass Sie sich bemühen. Ebenso sollen die besten Verbesserungen, welche umgesetzt wurden mittels eines Preises (jedes Jahr von neuem) belohnt werden.</p><p><br /></p><p>Da für jedes Unternehmen eine positive Wahrnehmung von den Kunden wichtig ist, ist der Anreiz der Unternehmen sicherlich hoch auch einen Beitrag zu leisten.</p><p><br /></p><p>Natürlich soll auch die Stadt und Ihre Gebäude hier als positives Beispiel diesen CO2 Check machen und aktive etwas verbessern.</p>;2564;2021-10-13T18:51:56+02:00;2021-10-13T18:51:56+02:00;3;0;3;1;"[{""id"": 63, ""user_id"": 53436, ""comment"": ""Das tönt nach einem vernünftigen Ansatz. Ein Beratungsteam zeigt Sparpotenzial auf. Auch aus unternehmerischer Sicht spannend."", ""commentable_id"": 199, ""commentable_type"": ""App\\Models\\IdeaBoardEntry\\IdeaBoardEntry"", ""created_at"": ""2021-10-22 15:01:56"", ""updated_at"": ""2021-10-22 15:01:56"", ""deleted_at"": null, ""upvotes_count"": 0, ""downvotes_count"": 0, ""comments_count"": 0, ""isAdminComment"": false, ""user"": {""id"": 53436, ""nickname"": ""9PiigarS""}}]";;;Das tönt nach einem vernünftigen Ansatz. Ein Beratungsteam zeigt Sparpotenzial auf. Auch aus unternehmerischer Sicht spannend.
203;Verbesserung der Klimabilanz von Mittagsmenus;<p>Küchenchefs von St. Galler Gemeinschaftsgastronomie-Betrieben und weiteren interessierten Restaurants wird eine digitale Datenbank mit der Klimabilanz von verschiedenen Menus zur Verfügung gestellt. Den Gästen wird der CO2-Impact der Gerichte transparent kommuniziert und sie können die Menus online bewerten. So sehen die Köche, welche Menus bei ihren Gästen gut ankommen und können anhand der beiden Faktoren CO2-Ausstoss und Beliebtheit ihr Mittagsangebot optimieren.</p>;2564;2021-10-25T00:06:41+02:00;2021-10-25T00:06:41+02:00;3;1;2;0;;;;
